id,token
1,4544875169053774
2,676122892679
3,343167061277813
4,3520972699587619
5,3552745770286140
6,5453466228540369
7,6011092309554096
8,213199057664107
9,180051715418104
10,4931488214091
11,5352656707991826
12,2369927217664452
13,4659799369410819
14,589630907485
15,3550321896037379
16,2472568485715230
17,4958075333438642
18,4965353678606169
19,4284287495831820
20,3508006263055491
21,5491597961999687
22,4143859124339440582
23,4235242654347860
24,676136662134
25,4568191961388728
26,4761458200816
27,3501394011631699
28,3549409684369478
29,589754211391
30,4886449450343
31,180041928914973
32,36562911843073
33,4670572889148564
34,2248005907800962
35,6586082741415191
36,3526399888445967
37,4039358052746582
38,213187976067601
39,6011159077238937
40,4263301594313
41,6579916791803831
42,4357776696907236282
43,3523247692244691
44,30214709102405
45,2720408440279255
46,4402370353074
47,6011889361783228
48,4899753579529512
49,4475544533920
50,4609556716704485898
51,562506672343
52,4966739822276694
53,6559704926882563
54,30152431879108
55,503830663178
56,2249543660206521
57,2253431766446311
58,180075917206173
59,30554946807906
60,3570941193409942
61,587825347962
62,4135350347531864
63,4279319195861562
64,2258658460536956
65,630405985650
66,4890460687403
67,4957378720644355
68,3563697016622850
69,3575390671733073
70,4496373913678
71,6550742632352074
72,4888546473293432492
73,3517586161723984
74,6561999921302635
75,3570446389505594
76,3555042942777496
77,372291567837559
78,4919527836829881
79,3555195195071726
80,4598426864053644419
81,30134514017665
82,4802901200359611
83,6509887271090097
84,4196693111658389
85,4704100545434044
86,6544717405067694
87,2273893021561158
88,4783697578179853
89,2703638449803504
90,676240910627
91,3589398652601064
92,4457587895359277
93,30427196208366
94,4335917544609
95,3562255002556045
96,4429483568843
97,3597080913145905
98,6520272775593638
99,676189852863
100,4281207590791644217
101,3599172371493477
102,2714970024080522
103,3548657766665723
104,180065302212894
105,3533831213601980
106,2520318068496234
107,3581714752915113
108,588027504053
109,4386356987124619
110,373706407619775
111,4509739561314494
112,3524574577525772
113,4594316745247
114,4907994855710472769
115,4667433646653757
116,4840084698148366862
117,4558129031809168
118,30283400896136
119,3503599638414166
120,30079301563118
121,340478230453679
122,213156085411869
123,676168847454
124,30470087891957
125,2583613973575203
126,3557436046633910
127,4500139224994783
128,6560600357081757
129,344244861623287
130,4729497309931632
131,348894639522413
132,2454303753588552
133,6540177883077075
134,6011169470118537
135,5364049398630414
136,3588667044669679
137,4513316490117
138,6011303465884288
139,502073475902
140,213126676913052
141,3501306284281119
142,3506295691754534
143,676173163236
144,347858510009726
145,2228444412779375
146,577012926504
147,180082156122848
148,3514798096591468
149,4349795732186
150,4221369385923556
151,4431000183098780
152,377933410238288
153,372757331403589
154,180093334755060
155,3535021635847928
156,373462444594668
157,5163531739972814
158,4686026766602
159,4349610500826
160,375654488636599
161,30568170317325
162,348235038297753
163,6011647250383397
164,6599505425821537
165,2634493871593528
166,30309459335096
167,3575345919925899
168,6507418777326132
169,4475685895708911
170,30309155261695
171,373902116210218
172,30282800071654
173,347316040023972
174,4185098775688131
175,3515819013943688
176,4698383528352718
177,564769061347
178,3580633497548669
179,30365971563177
180,2295834185403641
181,4636490480752309
182,4175633387091001
183,3534958881804106
184,503823694065
185,180039024051302
186,213178221676197
187,3585923468149802
188,6530569671404648
189,3545164174989178
190,213152151543420
191,6011713815973682
192,370378229180809
193,376486814755671
194,347390476619777
195,348106990327146
196,4382209240132
197,501806739642
198,4162350748517
199,5174330171003221
200,344159832554256
201,180056287650745
202,5292122034725000
203,6011806514386766
204,6509471181674827
205,6598177128253714
206,4268128962117835618
207,4481182773756273678
208,4767439320800740758
209,573229063900
210,372571583188370
211,213103788465503
212,3569328148841382
213,579587402309
214,4553218213738
215,372153106214031
216,4382551955391273
217,4118914642589363
218,6547746215727566
219,5114420622132282
220,3586040937015495
221,4363234335307839
222,3558363474244433
223,503810832439
224,3563781488302843
225,4863627335408009
226,4364228420580
227,180060319334658
228,4111564852394928074
229,4353708090399224
230,180009956881893
231,6578250319519906
232,180025422548098
233,6537485073473698
234,4615342348159
235,4816988754067116
236,4206520033571
237,376605933058283
238,2506801031517432
239,30274061355355
240,3554514575345347
241,3556834647316581
242,4854737364294948
243,630489291553
244,4925933607902547
245,370830943297145
246,639063595263
247,38875511417298
248,2488224834847793
249,38422213258298
250,30386874748210
251,6011157438042709
252,502000674775
253,3561934477046762
254,5208796620851545
255,3510359351158461
256,580733160429
257,180046759802916
258,4056285384585632369
259,3531625934544251
260,4413157707368617595
261,180077947263091
262,4129400922723
263,375133402603753
264,3580400958230835
265,6554336233081244
266,30440762125740
267,3569445124332200
268,4870485479988576098
269,6011364910315559
270,4314040334105
271,180037699978783
272,4333186216247800963
273,675939107107
274,3545277804524874
275,4952892223456740
276,4342844367095569
277,180032484893313
278,4218731082994013
279,3524372207955042
280,6581698944344493
281,4159455757629412
282,3582510948346901
283,374394984488168
284,6011441162531586
285,4180559841305
286,4968390980153
287,213191003087228
288,2681993570511533
289,4811756773654320
290,676333264767
291,30058451669925
292,3596480585646977
293,4210115716087
294,213183564116116
295,4531166172007
296,344143530159683
297,3564877839806174
298,2273798917331543
299,6575146267710732
300,3507081793596174
301,4098564614450815
302,2229946830304122
303,377887992105119
304,3575270863748065
305,4068023710409809
306,3512570791043406
307,4513887341390384174
308,375560886808468
309,4297527391605330
310,3558145240864531
311,2380764429596965
312,3598447195126698
313,4248259781095
314,5525895385845894
315,213170752622633
316,213179805297616
317,4480868525756546641
318,6011003841992769
319,3584428212901061
320,4818077268685637482
321,180031867854959
322,630420033494
323,4917918685232
324,2720201319414677
325,6524448746185482
326,3500925925103514
327,30326955065779
328,4327463261506575928
329,180048576848684
330,4796186193636211672
331,4229129362877692
332,30310626852948
333,4779316262338758527
334,4941627259174732
335,3575997294671231
336,4663204908575812
337,4583843826614968
338,342489136810787
339,180049797233805
340,342368886823168
341,374526102512748
342,3578522590217757
343,4057407001896571
344,374150984472507
345,4447889317177
346,3501074217899858
347,4508101172466
348,5304160447946702
349,3586811402568386
350,4499164868077110
351,4051720579565568
352,2720311954468837
353,4373000395308
354,4357083807341861324
355,30576612731284
356,4920607807117307850
357,4855428008337835
358,6011394935811191
359,4011779462428641264
360,4932464264779
361,4249625222745751
362,375997342068503
363,4811779875678260
364,213112410504860
365,4335671350948135
366,180091430473513
367,4830794448830279
368,3595297824452285
369,4556546153583
370,374614956974170
371,4999382122124
372,4428720660637
373,375832829404410
374,3569315108705160
375,4352436255803571
376,4754338810730
377,6011373392122433
378,3578656652255147
379,344804169191293
380,2664710090002095
381,4614646708817048780
382,5390448708155609
383,3548694644855275
384,4848481925319
385,4041067435476132
386,6011123681209502
387,180014282346744
388,3505348408405709
389,6522496409263163
390,6011176966494512
391,6011229878344224
392,36222594412163
393,180030371589473
394,6579223231998549
395,4754859172844044
396,4117733550923633
397,3527480970668762
398,344421506641516
399,630429223013
400,180031915192147
401,4057002075113
402,4610265484205106402
403,639016803764
404,4052305366974469
405,30277229879232
406,3593493778510366
407,4484300941616
408,676267909528
409,565058364342
410,180082849394226
411,4261452389539205868
412,2396549189305794
413,4587585196712
414,4923800621385631
415,3508715266687858
416,2720191177730605
417,4123181716227402
418,4905905167349229301
419,3545473304489029
420,36007068393639
421,3559398426772577
422,4424497117661627
423,4819411737637217
424,4636447103766603
425,4793082467187050057
426,4448677069747398802
427,372600263535012
428,562415806545
429,4006099256903061
430,5376291966101560
431,630420192589
432,4952780202022
433,2711602774993793
434,4165290343886070358
435,4759490574026074649
436,4112731843586
437,3505730712077276
438,6579452928949859
439,2294015511889502
440,4881855409586
441,5320497952983088
442,2231840762390447
443,4861868630258457
444,213107204957522
445,213110370395063
446,213134976100941
447,6576972659799473
448,180045079930407
449,4447059834050
450,348808093213228
451,4423573216940855
452,4557026340179
453,4217196172452
454,675954869706
455,6505249553212655
456,2283803729744947
457,6011763825571307
458,4508650106337495317
459,30145265780830
460,4939574071494290
461,3539154143037066
462,3544986192699541
463,503842470166
464,4456909908513008
465,4670954005027
466,4694838857247865642
467,4539422644974857
468,30404556503371
469,180085964158391
470,4758431472716573
471,4334756525992007873
472,3503664589616191
473,36543051734348
474,676259799309
475,3525772352127405
476,379853037231441
477,4024861987465175
478,4527247587090351
479,36973339405520
480,180068774814015
481,3531918546255048
482,4736559415109
483,4684038357817
484,4090914783912201699
485,4931638496338514666
486,213125342970280
487,4608992001074024179
488,30526093849329
489,36388214429216
490,4536349756071
491,4363154273887051493
492,30295136932191
493,3589089693367159
494,3547285469966015
495,340284608372313
496,213176526781985
497,676298860161
498,4170716173411
499,2379478319160252
500,4917640810950829019
501,180072685496813
502,6594486639203801
503,4713196382577969
504,4747255450710330
505,4444585520501
506,30121887780847
507,2276448853177172
508,3539918230065275
509,3516778295802120
510,30087112450284
511,4169553666719056
512,4002212436315825
513,4699343381728379
514,213193972626366
515,4357036457398
516,3567233138474966
517,213182344923957
518,676147965708
519,6011472925343662
520,4428002014028091039
521,564097190495
522,370282602467629
523,4904905651015231
524,4057249396761873354
525,180011438988965
526,4017491114020260
527,180037305738456
528,4038376304035928
529,4904136784949548
530,4061003992176828
531,3501833733314159
532,676391725550
533,3525678580083155
534,346318635912438
535,372940396108679
536,4694207781515
537,3560573502917141
538,2434349020063817
539,6510770932228107
540,3505377956443846
541,6571212546301505
542,4179469070530609
543,3545144146600681
544,2437347716408467
545,373890340877623
546,4359012946964
547,4632720081682
548,30444173286182
549,345532572467377
550,6532551981623032
551,4478021757384
552,3570859107187760
553,213130385587405
554,213126301765497
555,180073601837049
556,375978897754820
557,4156906792796114
558,2274823340468131
559,502015954410
560,3568273737921826
561,3565585275337401
562,3522269086310251
563,3593461002347947
564,3558003363172218
565,4901433506598536
566,213180648643842
567,6578873859195629
568,4344428655060
569,3559563919629358
570,4424481786386385
571,6554106161599651
572,4937828919031816630
573,370150012482415
574,586218708590
575,3541741745179191
576,3536627707268824
577,3573727073765132
578,4644021497744243
579,4629788613471
580,213144425690319
581,4205406963777846
582,4923383257322087
583,30420624350710
584,676255262120
585,4910299179502199
586,3509210925543758
587,2248873893596310
588,3541963356296714
589,4264848803709224
590,3561826174013287
591,347192807294639
592,3598689581614650
593,3504247503843692
594,6576679602831887
595,4590803966916
596,30092685668833
597,2549490107235290
598,2295366230929866
599,2270540432747958
600,3557303968043272
601,30007631232419
602,676328542466
603,3589478385555447
604,4202525541618001512
605,180070908692622
606,4828298633165
607,6011982377185759
608,2290306622279947
609,4405643059946632
610,6568624966174896
611,180033570474521
612,4888509846165636
613,2287102051478109
614,2501279040220659
615,4230980375728
616,5322453019140756
617,3532934014570353
618,4251431131677187343
619,2712682401300157
620,5407691194963066
621,6011333939241518
622,3547230557469258
623,4460467084477849
624,30134285603933
625,3557695614365201
626,6565983249113177
627,3596641766705771
628,4273231848915727
629,4924402075692833
630,370861235405195
631,4603441295174
632,4618061242970510698
633,3585150224958785
634,2233515780238095
635,342878519802124
636,4393410964644809
637,4079397639941788
638,4687339765232
639,4279292076625978633
640,347940246068174
641,4040070087994949976
642,6550905110006526
643,5269645276350797
644,2290229125670125
645,4781704294736
646,565354439459
647,4713544931802620
648,4501052549030
649,349720654122830
650,213175824462884
651,502072668507
652,2253447625764009
653,4775666304238660835
654,348698507914259
655,4217189234814
656,676282618187
657,4372746197187141504
658,4233044051194
659,4790131399642817
660,3507529117005348
661,581956100480
662,346673378642240
663,4562136186412247
664,30362918207497
665,38400115503144
666,4261223319571554
667,213125997428659
668,4774574717838247
669,4716843049404502
670,36428380590381
671,180009835679039
672,3560472348124824
673,2225452079054530
674,630412302063
675,3567970036371139
676,4182633217714300354
677,581433237723
678,4640978603316841376
679,38431148948782
680,4979203722985065
681,180035882817065
682,180095934053481
683,3528401656398390
684,060471398036
685,3535884254411817
686,586738597820
687,3535947471894238
688,3553513080995936
689,3593980405408840
690,348070561516075
691,342417999372926
692,6550448665221398
693,213138634743372
694,3555622531596827
695,4011685572273651
696,3566625357333479
697,348642098507858
698,346661314752173
699,180059979287271
700,572203949829
701,2292659450314956
702,4205822698897719017
703,4973344584370677
704,2300419036552169
705,502064631950
706,3523871617617028
707,4258337831798654
708,4359131356641573054
709,4663441523140
710,3503245333668645
711,4610079871525190
712,3596510624696904
713,2720736876080619
714,4734826302036
715,4301486108141580
716,4194128551118455
717,6011524336544559
718,180050414241205
719,4257038138790
720,4966750425093949
721,2292243398612977
722,180092242399862
723,38874531658387
724,3572559591815201
725,3522364908667069
726,6573695559163952
727,3569151854328224
728,3509588928222342
729,4009966174416334
730,4796366539426209908
731,3520055040679671
732,4111553495624
733,4540402609834806
734,4871262230678587
735,4449830960032978
736,180016729972792
737,3599031272736204
738,676170269077
739,4952127239059
740,4122163326703
741,2279773322801004
742,4622066386882079768
743,3548215110292452
744,3539623557694653
745,3568651371943182
746,180071756275833
747,343449491947342
748,5269674671480702
749,4262418212255011
750,375266064573490
751,4052706046447901
752,4564251306748723
753,30486902348213
754,344734001357309
755,370834219306697
756,379613785937981
757,676389069011
758,3527231601185332
759,3584639808081023
760,4193895970670
761,4319885802830253059
762,503899873270
763,213114105900775
764,4464344202312032
765,4995130356279
766,3518214603080355
767,346054511508012
768,4100605871403
769,3528761206033718
770,3544736288604347
771,345484673780284
772,4532461400416
773,639032496924
774,562952521754
775,4260071333321071
776,213168509641609
777,4471943282372492
778,3556463139711149
779,503826233374
780,3572233188819691
781,213144080316309
782,6011832665495081
783,4098979948170139320
784,4867230469488958
785,3568878413576973
786,3593177993279960
787,2705677327096789
788,375203759160184
789,378463845229610
790,180021975764240
791,4315986278933
792,213195517125069
793,3557830043534347
794,3583427064596707
795,2557593665497621
796,30598299084449
797,4797021560996709
798,4603671672367886
799,4629864580377932437
800,4957657354798
801,4951165962092843640
802,3559583556831505
803,6011681691303367
804,4519048321514353
805,3560699847360976
806,30437689533592
807,4204466738865
808,4842400486652778885
809,180031565210009
810,4068257380580636
811,30305113889346
812,347539554426824
813,4140726072648362343
814,2270151577093586
815,4933251560927482361
816,4398223091211276
817,30513985299581
818,2225203392637570
819,4445775173361721997
820,2712049449345901
821,4367439109550037
822,4881387522385
823,4414186843905877
824,4126456460403588886
825,343737733413341
826,4023572376952902
827,3555707372120942
828,501825577742
829,4388977602130
830,4950364866554969
831,5466911240035034
832,4541874367590523044
833,6500098691357624
834,4097327386180331531
835,213168802256436
836,3586599038727894
837,6011286622695616
838,6577294523646486
839,6567014694227839
840,3503452166004985
841,4162285449777
842,4644842418773528
843,4368150422712373
844,3574603890656680
845,4126063321573
846,4271912531298461
847,375547111185028
848,30085272795977
849,2231990200096393
850,4507444539107009624
851,213184860166060
852,2233055802354422
853,377322551092128
854,585246219950
855,374149288646238
856,4652864521097750
857,6564080603767986
858,6596348827920943
859,4758248296537856
860,4157860001731200565
861,4610033833457752
862,4940711059124
863,30145718347047
864,36563189244416
865,6526033522764649
866,4832321946838957650
867,30581912638270
868,4002245324547794
869,213190211938917
870,6581490195841629
871,378535025988170
872,6011413024594722
873,30081664908633
874,2257549183091984
875,340090246519870
876,345429126422174
877,3592801374590866
878,2256711904091328
879,180039707739165
880,4636232347852055682
881,213133128241058
882,6587376843559404
883,38425946392466
884,6011835956189420
885,30399704969799
886,4614611217484801
887,060424312878
888,4850447825169986
889,4753029803194
890,379851737733732
891,639080862076
892,349105475889611
893,4876250748545435
894,36389667217231
895,3559232724820129
896,675939407002
897,3541692095862813
898,3569365915200897
899,4750380894005115
900,3573485562684328
901,2278560917393179
902,340523158658427
903,3598042017751649
904,675910238376
905,213192445320433
906,4953959959087
907,4232173458998
908,4441044731526338
909,349590286420427
910,4391276858937019
911,180068019155646
912,30131188493214
913,4517402890676614339
914,3530085910331937
915,6583279671523563
916,180098826739878
917,6529201814418482
918,4459018439731
919,4801646365707
920,3591691093120546
921,3564199530665647
922,372522904902676
923,3522602404595460
924,4848727411953348
925,376827154681664
926,675938210787
927,30093513624899
928,4917982655234105
929,502081325073
930,376483249137609
931,4348586188099437489
932,343895179323604
933,2247819392894475
934,4915493131177639
935,30290101154228
936,213140265809795
937,3523089442888330
938,3586057401256918
939,4571084454083309
940,375434659890667
941,4654251108668
942,4988694816248312
943,30089420341544
944,340616742679790
945,4877701144878751655
946,347453670138018
947,370621719437225
948,3525066198393267
949,36816755798227
950,30289336408284
951,2268637700458377
952,375124759384873
953,4325268200072695
954,343307974449238
955,4562863255323035239
956,2298249408847945
957,213189212103703
958,4401872276445653519
959,2296249086431147
960,4015851429553614467
961,6011445120205506
962,3528293160302699
963,4757743602324776
964,30256862364942
965,675911449048
966,4972331523642083007
967,372324767632411
968,3501861254830394
969,378556081104437
970,4039153090288345
971,6011293199068201
972,4421697229304
973,6573125803667442
974,4809391362858084
975,3532971198748629
976,4613863300742964
977,639014713197
978,676295494295
979,4891291718177
980,6011214886523829
981,343147123390077
982,4199364955911169473
983,38360108311980
984,36701867386063
985,4443403819806
986,4601928283487350
987,30433839571905
988,38333572147354
989,180086165906414
990,503891538061
991,4679015451286215
992,180099956334167
993,4975508923952662
994,503861435306
995,180010866270581
996,3522074962318430
997,3500729979996264
998,2274226447672003
999,30193008062058
1000,4401163188798337
